January;1
January;1
January;2
January;2
January;3
January;3
January;4
January;4
January;1
January;1
January;2
January;2
January;3
January;3
January;4
January;4
January;1
January;1
January;2
January;2
January;3
January;3
January;4
January;4
January;1
January;1
January;2
January;2
January;3
January;3
January;4
January;4
January;1
January;1
January;2
January;2
January;3
January;3
January;4
January;4
January;1
January;1
January;2
January;2
January;3
January;3
January;4
January;4
January;1
January;1
January;2
January;2
January;3
January;3
January;4
January;4
January;1
January;1
January;2
January;2
January;3
January;3
January;4
January;4
January;1
January;1
January;2
January;2
January;3
January;3
January;4
January;4
January;1
January;1
January;2
January;2
January;3
January;3
January;4
January;4
January;1
January;1
January;2
January;2
January;3
January;3
January;4
January;4
January;1
January;1
January;2
January;2
January;3
January;3
January;4
January;4
January;1
January;1
January;2
January;2
January;3
January;3
January;4
January;4
January;1
January;1
January;2
January;2
January;3
January;3
January;4
January;4
January;1
January;1
January;2
January;2
January;3
January;3
January;4
January;4
January;1
January;1
January;2
January;2
January;3
January;3
January;4
January;4
January;1
January;1
January;2
January;2
January;3
January;3
January;4
January;4
January;1
January;1
January;2
January;2
January;3
January;3
January;4
January;4
January;1
January;1
January;2
January;2
January;3
January;3
January;4
January;4
January;1
January;1
January;2
January;2
January;3
January;3
January;4
January;4
January;1
January;1
January;2
January;2
January;3
January;3
January;4
January;4
January;1
January;1
January;2
January;2
January;3
January;3
January;4
January;4
January;1
January;1
January;2
January;2
January;3
January;3
January;4
January;4
January;1
January;1
January;2
January;2
January;3
January;3
January;4
January;4
January;1
January;1
January;2
January;2
January;3
January;3
January;4
January;4
January;1
January;1
January;2
January;2
January;3
January;3
January;4
January;4
January;1
January;1
January;2
January;2
January;3
January;3
January;4
January;4
January;1
January;1
January;2
January;2
January;3
January;3
January;4
January;4
January;1
January;1
January;2
January;2
January;3
January;3
January;4
January;4
January;1
January;1
January;2
January;2
January;3
January;3
January;4
January;4
January;1
January;1
January;2
January;2
January;3
January;3
January;4
January;4
February;5
February;5
February;6
February;6
February;7
February;7
February;5
February;5
February;6
February;6
February;7
February;7
February;8
February;8
February;5
February;5
February;5
February;5
February;6
February;6
February;7
February;7
February;5
February;5
February;6
February;6
February;5
February;5
February;6
February;6
February;7
February;7
February;5
February;5
February;6
February;6
February;7
February;7
February;8
February;8
February;5
February;5
February;5
February;5
February;6
February;6
February;7
February;7
February;5
February;5
February;6
February;6
February;7
February;7
February;5
February;5
February;6
February;6
February;7
February;7
February;5
February;5
February;6
February;6
February;7
February;7
February;5
February;5
February;6
February;6
February;7
February;7
February;5
February;5
February;5
February;5
February;5
February;5
February;5
February;5
February;5
February;5
February;5
February;5
February;6
February;6
February;7
February;7
February;5
February;5
February;6
February;6
February;7
February;7
February;5
February;5
February;6
February;6
February;7
February;7
February;8
February;8
February;5
February;5
February;6
February;6
February;7
February;7
February;5
February;5
February;5
February;5
February;5
February;5
February;6
February;6
February;7
February;7
February;5
February;5
February;6
February;6
February;7
February;7
February;8
February;8
February;5
February;5
February;6
February;6
February;7
February;7
February;8
February;8
February;5
February;5
February;6
February;6
February;5
February;5
February;6
February;6
February;7
February;7
February;5
February;5
February;6
February;6
February;7
February;7
February;8
February;8
February;5
February;5
March;9
March;9
March;9
March;9
March;9
March;9
May;19
May;19
May;20
May;20
July;27
July;27
October;40
October;40
October;41
October;41
October;42
October;42
October;43
October;43
October;40
October;40
October;41
October;41
October;42
October;42
October;43
October;43
October;40
October;40
October;41
October;41
October;42
October;42
October;43
October;43
October;40
October;40
October;41
October;41
October;42
October;42
October;43
October;43
October;40
October;40
October;41
October;41
October;42
October;42
October;43
October;43
October;40
October;40
October;41
October;41
October;42
October;42
October;43
October;43
October;40
October;40
October;41
October;41
October;42
October;42
October;43
October;43
October;40
October;40
October;41
October;41
October;42
October;42
October;43
October;43
October;40
October;40
October;41
October;41
October;42
October;42
October;43
October;43
October;40
October;40
October;41
October;41
October;42
October;42
October;43
October;43
October;40
October;40
October;41
October;41
October;42
October;42
October;43
October;43
October;40
October;40
October;41
October;41
October;42
October;42
October;43
October;43
October;40
October;40
October;41
October;41
October;42
October;42
October;43
October;43
October;40
October;40
October;41
October;41
October;42
October;42
October;43
October;43
October;40
October;40
October;41
October;41
October;42
October;42
October;43
October;43
October;40
October;40
October;41
October;41
October;42
October;42
October;43
October;43
October;40
October;40
October;41
October;41
October;42
October;42
October;43
October;43
October;40
October;40
October;41
October;41
October;42
October;42
October;43
October;43
October;40
October;40
October;41
October;41
October;42
October;42
October;43
October;43
October;40
October;40
October;41
October;41
October;42
October;42
October;43
October;43
October;40
October;40
October;41
October;41
October;42
October;42
October;43
October;43
October;40
October;40
October;41
October;41
October;42
October;42
October;43
October;43
October;40
October;40
October;41
October;41
October;42
October;42
October;43
October;43
October;40
October;40
October;41
October;41
October;42
October;42
October;43
October;43
October;40
October;40
October;41
October;41
October;42
October;42
October;43
October;43
October;40
October;40
October;41
October;41
October;42
October;42
October;43
October;43
October;40
October;40
October;41
October;41
October;42
October;42
October;43
October;43
October;40
October;40
October;41
October;41
October;42
October;42
October;43
October;43
October;40
October;40
October;41
October;41
October;42
October;42
October;43
October;43
October;40
October;40
October;41
October;41
October;42
October;42
October;43
October;43
October;40
October;40
October;41
October;41
October;42
October;42
October;43
October;43
November;44
November;44
November;45
November;45
November;46
November;46
November;47
November;47
November;44
November;44
November;45
November;45
November;46
November;46
November;47
November;47
November;44
November;44
November;45
November;45
November;46
November;46
November;47
November;47
November;44
November;44
November;45
November;45
November;46
November;46
November;47
November;47
November;44
November;44
November;46
November;46
November;44
November;44
November;45
November;45
November;46
November;46
November;47
November;47
November;44
November;44
November;45
November;45
November;46
November;46
November;47
November;47
November;44
November;44
November;45
November;45
November;46
November;46
November;47
November;47
November;44
November;44
November;45
November;45
November;46
November;46
November;47
November;47
November;44
November;44
November;45
November;45
November;46
November;46
November;47
November;47
November;44
November;44
November;45
November;45
November;46
November;46
November;47
November;47
November;44
November;44
November;45
November;45
November;46
November;46
November;47
November;47
November;44
November;44
November;45
November;45
November;46
November;46
November;47
November;47
November;44
November;44
November;45
November;45
November;46
November;46
November;47
November;47
November;44
November;44
November;45
November;45
November;46
November;46
November;47
November;47
November;44
November;44
November;45
November;45
November;46
November;46
November;47
November;47
November;44
November;44
November;45
November;45
November;46
November;46
November;47
November;47
November;44
November;44
November;45
November;45
November;46
November;46
November;47
November;47
November;44
November;44
November;45
November;45
November;46
November;46
November;47
November;47
November;44
November;44
November;45
November;45
November;46
November;46
November;47
November;47
November;44
November;44
November;45
November;45
November;46
November;46
November;47
November;47
November;44
November;44
November;45
November;45
November;46
November;46
November;47
November;47
November;44
November;44
November;45
November;45
November;46
November;46
November;47
November;47
November;44
November;44
November;45
November;45
November;46
November;46
November;47
November;47
November;44
November;44
November;45
November;45
November;46
November;46
November;47
November;47
November;44
November;44
November;45
November;45
November;46
November;46
November;47
November;47
November;44
November;44
November;45
November;45
November;46
November;46
November;47
November;47
November;44
November;44
November;45
November;45
November;46
November;46
November;47
November;47
November;44
November;44
November;45
November;45
November;46
November;46
November;47
November;47
November;44
November;44
November;45
November;45
November;46
November;46
November;47
November;47
November;44
November;44
November;45
November;45
November;46
November;46
November;47
November;47
December;48
December;48
December;49
December;49
December;50
December;50
December;51
December;51
December;52
December;52
December;48
December;48
December;49
December;49
December;50
December;50
December;51
December;51
December;52
December;52
December;48
December;48
December;49
December;49
December;50
December;50
December;51
December;51
December;52
December;52
December;48
December;48
December;49
December;49
December;50
December;50
December;51
December;51
December;52
December;52
December;48
December;48
December;49
December;49
December;50
December;50
December;51
December;51
December;52
December;52
December;48
December;48
December;49
December;49
December;50
December;50
December;51
December;51
December;52
December;52
December;48
December;48
December;49
December;49
December;50
December;50
December;51
December;51
December;52
December;52
December;48
December;48
December;49
December;49
December;50
December;50
December;51
December;51
December;52
December;52
December;48
December;48
December;49
December;49
December;50
December;50
December;51
December;51
December;52
December;52
December;48
December;48
December;49
December;49
December;50
December;50
December;51
December;51
December;52
December;52
December;48
December;48
December;49
December;49
December;50
December;50
December;51
December;51
December;52
December;52
December;48
December;48
December;49
December;49
December;50
December;50
December;51
December;51
December;52
December;52
December;48
December;48
December;49
December;49
December;50
December;50
December;51
December;51
December;52
December;52
December;48
December;48
December;49
December;49
December;50
December;50
December;51
December;51
December;52
December;52
December;48
December;48
December;49
December;49
December;50
December;50
December;51
December;51
December;52
December;52
December;48
December;48
December;49
December;49
December;50
December;50
December;51
December;51
December;52
December;52
December;48
December;48
December;49
December;49
December;50
December;50
December;51
December;51
December;52
December;52
December;48
December;48
December;49
December;49
December;50
December;50
December;51
December;51
December;52
December;52
December;48
December;48
December;49
December;49
December;50
December;50
December;51
December;51
December;52
December;52
December;48
December;48
December;49
December;49
December;50
December;50
December;51
December;51
December;52
December;52
December;48
December;48
December;49
December;49
December;50
December;50
December;51
December;51
December;52
December;52
December;48
December;48
December;49
December;49
December;50
December;50
December;51
December;51
December;52
December;52
December;48
December;48
December;49
December;49
December;50
December;50
December;51
December;51
December;52
December;52
December;48
December;48
December;49
December;49
December;50
December;50
December;51
December;51
December;52
December;52
December;48
December;48
December;49
December;49
December;50
December;50
December;51
December;51
December;52
December;52
December;48
December;48
December;49
December;49
December;50
December;50
December;51
December;51
December;52
December;52
December;48
December;48
December;49
December;49
December;50
December;50
December;51
December;51
December;52
December;52
December;48
December;48
December;49
December;49
December;50
December;50
December;51
December;51
December;52
December;52
December;48
December;48
December;49
December;49
December;50
December;50
December;51
December;51
December;52
December;52
December;48
December;48
December;49
December;49
December;50
December;50
December;51
December;51
December;52
December;52
December;48
December;48
December;49
December;49
December;50
December;50
December;51
December;51
December;52
December;52
